{
  "train_losses": [
    1.1925305159749393,
    1.1699925201181716,
    1.1659312520893583
  ],
  "train_accuracies": [
    0.5833533269353807,
    0.5914107485604606,
    0.5942298464491362
  ],
  "val_losses": [
    1.0902736299335005,
    1.089432061289827,
    1.0828494319138817
  ],
  "val_accuracies": [
    0.6093,
    0.612,
    0.613
  ],
  "val_f1_scores": [
    0.6085172577941428,
    0.6093246616872513,
    0.6099877084528399
  ],
  "epoch_times": [
    1133.3639948368073,
    2122.570511817932,
    2252.287757873535
  ],
  "per_class_metrics": [
    {
      "precision": [
        0.5803571428571429,
        0.8062283737024222,
        0.42269736842105265,
        0.44839449541284404,
        0.6081277213352685,
        0.5565428109854604,
        0.6354869816779171,
        0.7328326180257511,
        0.6350550381033023,
        0.7333333333333333
      ],
      "recall": [
        0.585,
        0.699,
        0.514,
        0.391,
        0.419,
        0.689,
        0.659,
        0.683,
        0.75,
        0.704
      ],
      "f1": [
        0.5826693227091634,
        0.7487948580610605,
        0.463898916967509,
        0.41773504273504275,
        0.49615156897572527,
        0.6157283288650581,
        0.6470299459990182,
        0.7070393374741201,
        0.687757909215956,
        0.7183673469387755
      ],
      "support": [
        1000,
        1000,
        1000,
        1000,
        1000,
        1000,
        1000,
        1000,
        1000,
        1000
      ]
    },
    {
      "precision": [
        0.6135629709364908,
        0.7737973387922211,
        0.43455031166518254,
        0.45320197044334976,
        0.612759643916914,
        0.5299707602339181,
        0.5869387755102041,
        0.7330415754923414,
        0.6842619745845552,
        0.7445026178010471
      ],
      "recall": [
        0.57,
        0.756,
        0.488,
        0.368,
        0.413,
        0.725,
        0.719,
        0.67,
        0.7,
        0.711
      ],
      "f1": [
        0.5909797822706065,
        0.7647951441578149,
        0.4597268016957136,
        0.40618101545253865,
        0.4934289127837515,
        0.612331081081081,
        0.6462921348314606,
        0.7001044932079414,
        0.6920415224913494,
        0.7273657289002557
      ],
      "support": [
        1000,
        1000,
        1000,
        1000,
        1000,
        1000,
        1000,
        1000,
        1000,
        1000
      ]
    },
    {
      "precision": [
        0.5825147347740668,
        0.7664670658682635,
        0.44703595724003886,
        0.44758539458186103,
        0.6143695014662757,
        0.5309734513274337,
        0.6257947320617621,
        0.7206349206349206,
        0.6609403254972875,
        0.7554824561403509
      ],
      "recall": [
        0.593,
        0.768,
        0.46,
        0.38,
        0.419,
        0.72,
        0.689,
        0.681,
        0.731,
        0.689
      ],
      "f1": [
        0.5877106045589693,
        0.7672327672327672,
        0.45342533267619517,
        0.411032990805841,
        0.4982164090368609,
        0.6112054329371817,
        0.6558781532603523,
        0.7002570694087403,
        0.6942070275403609,
        0.7207112970711297
      ],
      "support": [
        1000,
        1000,
        1000,
        1000,
        1000,
        1000,
        1000,
        1000,
        1000,
        1000
      ]
    }
  ],
  "confusion_matrices": [
    [
      [
        585,
        18,
        84,
        36,
        7,
        15,
        8,
        18,
        195,
        34
      ],
      [
        45,
        699,
        9,
        12,
        3,
        2,
        13,
        5,
        76,
        136
      ],
      [
        90,
        2,
        514,
        80,
        64,
        75,
        122,
        26,
        24,
        3
      ],
      [
        50,
        6,
        99,
        391,
        36,
        248,
        112,
        32,
        14,
        12
      ],
      [
        35,
        5,
        191,
        84,
        419,
        52,
        90,
        108,
        12,
        4
      ],
      [
        14,
        4,
        103,
        98,
        32,
        689,
        16,
        35,
        4,
        5
      ],
      [
        9,
        0,
        131,
        94,
        41,
        49,
        659,
        2,
        14,
        1
      ],
      [
        12,
        2,
        52,
        50,
        77,
        93,
        5,
        683,
        5,
        21
      ],
      [
        122,
        29,
        28,
        17,
        1,
        4,
        6,
        3,
        750,
        40
      ],
      [
        46,
        102,
        5,
        10,
        9,
        11,
        6,
        20,
        87,
        704
      ]
    ],
    [
      [
        570,
        27,
        95,
        45,
        6,
        19,
        14,
        21,
        166,
        37
      ],
      [
        35,
        756,
        10,
        13,
        2,
        2,
        21,
        5,
        43,
        113
      ],
      [
        71,
        3,
        488,
        82,
        60,
        88,
        165,
        24,
        16,
        3
      ],
      [
        35,
        7,
        92,
        368,
        31,
        282,
        133,
        29,
        9,
        14
      ],
      [
        32,
        7,
        162,
        75,
        413,
        64,
        127,
        107,
        11,
        2
      ],
      [
        10,
        4,
        91,
        81,
        32,
        725,
        18,
        32,
        2,
        5
      ],
      [
        3,
        0,
        98,
        72,
        38,
        57,
        719,
        2,
        9,
        2
      ],
      [
        10,
        2,
        49,
        49,
        82,
        108,
        7,
        670,
        3,
        20
      ],
      [
        128,
        47,
        34,
        17,
        2,
        6,
        14,
        4,
        700,
        48
      ],
      [
        35,
        124,
        4,
        10,
        8,
        17,
        7,
        20,
        64,
        711
      ]
    ],
    [
      [
        593,
        24,
        73,
        42,
        6,
        17,
        9,
        16,
        187,
        33
      ],
      [
        45,
        768,
        7,
        11,
        3,
        1,
        11,
        5,
        52,
        97
      ],
      [
        96,
        6,
        460,
        85,
        67,
        90,
        141,
        32,
        19,
        4
      ],
      [
        47,
        11,
        78,
        380,
        34,
        277,
        116,
        30,
        13,
        14
      ],
      [
        36,
        7,
        156,
        81,
        419,
        64,
        104,
        119,
        12,
        2
      ],
      [
        14,
        5,
        85,
        89,
        27,
        720,
        16,
        36,
        3,
        5
      ],
      [
        8,
        2,
        101,
        86,
        41,
        58,
        689,
        2,
        12,
        1
      ],
      [
        11,
        3,
        39,
        51,
        76,
        107,
        6,
        681,
        3,
        23
      ],
      [
        125,
        42,
        27,
        16,
        1,
        5,
        5,
        4,
        731,
        44
      ],
      [
        43,
        134,
        3,
        8,
        8,
        17,
        4,
        20,
        74,
        689
      ]
    ]
  ]
}