{
  "experiment_name": "cnn_standard_quick",
  "timestamp": "2025-11-17T23:36:11.235709",
  "total_epochs": 3,
  "total_training_time": 5508.229653120041,
  "avg_epoch_time": 1836.0740881760914,
  "final_train_loss": 1.1659312520893583,
  "final_train_accuracy": 0.5942298464491362,
  "final_val_loss": 1.0828494319138817,
  "final_val_accuracy": 0.613,
  "best_val_accuracy": 0.613,
  "final_f1_score": 0.6099877084528399,
  "convergence_info": {
    "converged": false,
    "convergence_epoch": null,
    "convergence_accuracy": null
  },
  "per_class_final": {
    "precision": [
      0.5825147347740668,
      0.7664670658682635,
      0.44703595724003886,
      0.44758539458186103,
      0.6143695014662757,
      0.5309734513274337,
      0.6257947320617621,
      0.7206349206349206,
      0.6609403254972875,
      0.7554824561403509
    ],
    "recall": [
      0.593,
      0.768,
      0.46,
      0.38,
      0.419,
      0.72,
      0.689,
      0.681,
      0.731,
      0.689
    ],
    "f1": [
      0.5877106045589693,
      0.7672327672327672,
      0.45342533267619517,
      0.411032990805841,
      0.4982164090368609,
      0.6112054329371817,
      0.6558781532603523,
      0.7002570694087403,
      0.6942070275403609,
      0.7207112970711297
    ],
    "support": [
      1000,
      1000,
      1000,
      1000,
      1000,
      1000,
      1000,
      1000,
      1000,
      1000
    ]
  }
}